kategori,move_name,g1_path,sure
yurume,walk_ff_loop_180_R_jog_ff_start_270_R_wave_right_hand_090_R_002__A492,g1/csv/231024/walk_ff_loop_180_R_jog_ff_start_270_R_wave_right_hand_090_R_002__A492.csv,7.0
yurume,walk_ff_loop_180_R_jog_ff_start_270_R_wave_right_hand_090_R_002__A493,g1/csv/231024/walk_ff_loop_180_R_jog_ff_start_270_R_wave_right_hand_090_R_002__A493.csv,7.4
yurume,walk_ff_loop_180_R_jog_ff_start_270_R_wave_right_hand_090_R_002__A494,g1/csv/231024/walk_ff_loop_180_R_jog_ff_start_270_R_wave_right_hand_090_R_002__A494.csv,7.1
yurume,walk_ff_loop_180_R_jog_ff_start_270_R_wave_right_hand_090_R_002__A495,g1/csv/231024/walk_ff_loop_180_R_jog_ff_start_270_R_wave_right_hand_090_R_002__A495.csv,7.3
yurume,walk_ff_loop_270_R_turn_walk_360_R_point_dir_vertical_right_hand_head_180_head_front_R_003__A476,g1/csv/231011/walk_ff_loop_270_R_turn_walk_360_R_point_dir_vertical_right_hand_head_180_head_front_R_003__A476.csv,7.8
yurume,walk_ff_loop_270_R_turn_walk_360_R_point_dir_vertical_right_hand_head_180_head_front_R_003__A477,g1/csv/231011/walk_ff_loop_270_R_turn_walk_360_R_point_dir_vertical_right_hand_head_180_head_front_R_003__A477.csv,7.8
yurume,walk_ff_loop_270_R_turn_walk_360_R_point_dir_vertical_right_hand_head_180_head_front_R_003__A478,g1/csv/231011/walk_ff_loop_270_R_turn_walk_360_R_point_dir_vertical_right_hand_head_180_head_front_R_003__A478.csv,7.8
yurume,walk_ff_loop_270_R_turn_walk_360_R_point_dir_vertical_right_hand_head_180_head_front_R_003__A479,g1/csv/231011/walk_ff_loop_270_R_turn_walk_360_R_point_dir_vertical_right_hand_head_180_head_front_R_003__A479.csv,7.8
durus,idle_vigilance_loop_R_001__A500,g1/csv/231110/idle_vigilance_loop_R_001__A500.csv,7.4
durus,idle_vigilance_loop_R_001__A501,g1/csv/231110/idle_vigilance_loop_R_001__A501.csv,7.4
durus,idle_vigilance_loop_R_001__A502,g1/csv/231110/idle_vigilance_loop_R_001__A502.csv,7.4
durus,idle_vigilance_loop_R_001__A503,g1/csv/231110/idle_vigilance_loop_R_001__A503.csv,7.4
durus,idle_handstand_loop_001__A304,g1/csv/230324/idle_handstand_loop_001__A304.csv,6.7
donus,walk_ff_start_180_R_fast_001__A447,g1/csv/230906/walk_ff_start_180_R_fast_001__A447.csv,4.7
donus,walk_ff_start_180_R_fast_001__A448,g1/csv/230906/walk_ff_start_180_R_fast_001__A448.csv,4.2
donus,walk_ff_start_180_R_fast_001__A449,g1/csv/230906/walk_ff_start_180_R_fast_001__A449.csv,4.1
donus,walk_ff_start_180_R_fast_001__A450,g1/csv/230906/walk_ff_start_180_R_fast_001__A450.csv,4.5
donus,walk_ff_start_180_R_very_fast_002__A447,g1/csv/230906/walk_ff_start_180_R_very_fast_002__A447.csv,4.1
denge,one_leg_jumping_R_001__A359,g1/csv/230509/one_leg_jumping_R_001__A359.csv,5.8
denge,one_leg_jumping_R_001__A360,g1/csv/230509/one_leg_jumping_R_001__A360.csv,6.0
denge,one_leg_jumping_R_001__A361,g1/csv/230509/one_leg_jumping_R_001__A361.csv,4.8
comelme,crouch_ff_loop_180_R_001__A528,g1/csv/231121/crouch_ff_loop_180_R_001__A528.csv,4.2
comelme,crouch_ff_loop_180_R_001__A529,g1/csv/231121/crouch_ff_loop_180_R_001__A529.csv,4.2
comelme,crouch_ff_loop_180_R_001__A530,g1/csv/231121/crouch_ff_loop_180_R_001__A530.csv,4.2
kosu,jog_ff_start_180_R_002__A528,g1/csv/231121/jog_ff_start_180_R_002__A528.csv,4.2
kosu,jog_ff_start_180_R_002__A529,g1/csv/231121/jog_ff_start_180_R_002__A529.csv,4.2
kosu,jog_ff_start_180_R_002__A530,g1/csv/231121/jog_ff_start_180_R_002__A530.csv,3.4
kosu,jog_ff_start_180_R_002__A531,g1/csv/231121/jog_ff_start_180_R_002__A531.csv,3.6
