dosya,kare,sure_s,fps,sicrama,alcalma,hareket,tepe,tepe_s,bacak_max,kol_max,durum
front_kick_144_05.bvh,2787,23.2,120,1.07,0.92,0.22,0.32,0.0,138.0,160.0,DURGUN
spin_144_28.bvh,2287,19.1,120,1.02,0.68,0.21,0.31,15.5,110.0,177.0,DURGUN
spin_144_15.bvh,3303,27.5,120,1.02,0.69,0.2,0.28,2.7,112.0,161.0,DURGUN
spin_144_29.bvh,3084,25.7,120,1.01,0.74,0.2,0.31,20.7,107.0,359.0,DURGUN
spin_144_16.bvh,3089,25.7,120,1.02,0.68,0.19,0.28,7.3,120.0,149.0,DURGUN
front_kick_144_06.bvh,3634,30.3,120,1.07,0.94,0.17,0.28,7.1,140.0,161.0,DURGUN
jump_spin_kick_088_06.bvh,231,1.9,120,1.25,0.72,1.1,1.52,0.0,176.0,151.0,HAVADA
jump_kick_075_16.bvh,344,2.9,120,1.41,0.86,0.57,1.15,1.4,157.0,154.0,HAVADA
jump_kick_090_05.bvh,514,4.3,120,1.33,0.8,0.49,0.92,1.6,111.0,352.0,HAVADA
jump_spin_kick_087_01.bvh,617,5.1,120,1.21,0.79,0.48,0.9,1.5,202.0,122.0,HAVADA
jump_kick_090_06.bvh,625,5.2,120,1.28,0.83,0.44,0.91,3.1,109.0,354.0,HAVADA
jump_kick_090_07.bvh,896,7.5,120,1.28,0.82,0.31,1.0,5.3,115.0,356.0,HAVADA
jump_kick_086_01.bvh,4580,38.2,120,1.2,0.65,0.25,0.56,7.7,137.0,208.0,HAVADA
punch_086_05.bvh,8341,69.5,120,1.31,0.74,0.22,0.49,11.1,129.0,227.0,HAVADA
jump_kick_086_03.bvh,8402,70.0,120,1.24,0.63,0.19,0.37,18.5,134.0,177.0,HAVADA
spin_088_10.bvh,468,3.9,120,1.11,0.92,0.9,1.74,0.9,93.0,155.0,UYGUN
punch_kick_combo_141_14.bvh,578,4.8,120,1.04,0.94,0.69,1.01,2.0,346.0,164.0,UYGUN
kick_074_04.bvh,316,2.6,120,1.12,0.93,0.5,0.85,1.0,340.0,108.0,UYGUN
punch_143_23.bvh,815,6.8,120,1.01,0.93,0.45,0.56,4.1,53.0,205.0,UYGUN
kick_074_05.bvh,324,2.7,120,1.02,0.93,0.39,0.74,0.9,356.0,93.0,UYGUN
attack_sequence_076_03.bvh,1083,9.0,120,1.06,0.65,0.38,0.56,6.4,125.0,167.0,UYGUN
kick_074_06.bvh,326,2.7,120,1.04,0.93,0.36,0.69,0.8,326.0,88.0,UYGUN
kick_143_24.bvh,1006,8.4,120,1.12,0.95,0.36,0.54,4.9,159.0,154.0,UYGUN
kick_074_03.bvh,397,3.3,120,1.05,0.96,0.34,0.63,1.3,328.0,164.0,UYGUN
punch_144_20.bvh,2271,18.9,120,1.09,0.61,0.34,0.42,7.4,130.0,163.0,UYGUN
punch_144_21.bvh,1931,16.1,120,1.1,0.58,0.33,0.47,10.4,127.0,243.0,UYGUN
punch_144_13.bvh,1947,16.2,120,1.07,0.65,0.32,0.41,12.9,121.0,164.0,UYGUN
punch_144_14.bvh,2056,17.1,120,1.09,0.78,0.32,0.41,7.2,103.0,162.0,UYGUN
attack_sequence_076_01.bvh,931,7.8,120,1.02,0.93,0.3,0.4,0.0,65.0,145.0,UYGUN
attack_sequence_076_02.bvh,1165,9.7,120,1.03,0.94,0.29,0.45,8.7,72.0,136.0,UYGUN
front_kick_144_10.bvh,3499,29.2,120,1.08,0.92,0.25,0.52,12.1,360.0,160.0,UYGUN
front_kick_144_09.bvh,3383,28.2,120,1.08,0.92,0.21,0.47,15.7,186.0,160.0,UYGUN
punch_kick_combo_086_08.bvh,9207,76.7,120,1.06,0.57,0.21,0.41,74.6,360.0,215.0,UYGUN
knee_strike_086_06.bvh,9940,82.8,120,1.03,0.83,0.2,0.46,36.3,138.0,252.0,UYGUN
front_kick_135_04.bvh,1317,11.0,120,1.15,0.95,0.19,0.4,4.4,162.0,149.0,UYGUN
