move_name,filename,move_duration_frames,package,category,is_neutral,is_mirror,move_soma_uniform_path,move_soma_uniform_shape_path,move_soma_proportional_path,move_soma_proportional_shape_path,move_g1_path,take_name,take_actor,take_org_name,take_date,take_day_part,content_name,content_natural_desc_1,content_natural_desc_2,content_natural_desc_3,content_natural_desc_4,content_technical_description,content_short_description,content_short_description_2,content_all_rigplay_styles,content_uniform_style,content_type_of_movement,content_body_position,content_horizontal_move,content_vertical_move,content_props,content_complex_action,content_repeated_action,actor_uid,actor_height,actor_height_cm,actor_foot_cm,actor_collarbone_height_cm,actor_collarbone_span_cm,actor_elbow_span_cm,actor_wrist_span_cm,actor_shoulder_span_cm,actor_hips_height_cm,actor_hips_bones_span_cm,actor_knee_height_cm,actor_ankle_height_cm,actor_weight_kg,actor_age_yr,actor_gender,actor_profession
punch_self_face_R_opt_1_001__A533,punch_self_face_R_001__A533,545,Sport,Martial Arts,1.0,False,soma_uniform/bvh/240327/punch_self_face_R_001__A533.bvh,soma_shapes/soma_base_fit_mhr_params.npz,soma_proportional/bvh/240327/punch_self_face_R_001__A533.bvh,soma_shapes/soma_proportion_fit_mhr_params/A533.npz,g1/csv/240327/punch_self_face_R_001__A533.csv,punch_self_face_R_opt_1_001,A533,punch_self_face_R_001,240327,_1,punch_self_face_R_opt_1,punching yourself in the face lightly,punch yourself,hit yourself,A person ruthlessly punches themself in the face swiftly.,person standing punches themselves in the face,punch yourself in the face light,punch self face opt 1,neutral,neutral,combat,standing,1,0,0,0,0,A533,M,171,29,141,35,90,134,172,95,26,54,11,71,27,M,actor
punch_self_face_R_opt_1_001__A533_M,punch_self_face_R_001__A533_M,545,Sport,Martial Arts,1.0,True,soma_uniform/bvh/240327/punch_self_face_R_001__A533_M.bvh,soma_shapes/soma_base_fit_mhr_params.npz,soma_proportional/bvh/240327/punch_self_face_R_001__A533_M.bvh,soma_shapes/soma_proportion_fit_mhr_params/A533.npz,g1/csv/240327/punch_self_face_R_001__A533_M.csv,punch_self_face_R_opt_1_001,A533,punch_self_face_R_001,240327,_1,punch_self_face_R_opt_1_M,punching yourself in the face lightly,punch yourself,hit yourself,A person ruthlessly punches themself in the face swiftly.,person standing punches themselves in the face,punch yourself in the face light,punch self face opt 1,neutral,neutral,combat,standing,1,0,0,0,0,A533,M,171,29,141,35,90,134,172,95,26,54,11,71,27,M,actor
punch_self_face_R_opt_3_004__A533,punch_self_face_R_004__A533,607,Sport,Martial Arts,1.0,False,soma_uniform/bvh/240327/punch_self_face_R_004__A533.bvh,soma_shapes/soma_base_fit_mhr_params.npz,soma_proportional/bvh/240327/punch_self_face_R_004__A533.bvh,soma_shapes/soma_proportion_fit_mhr_params/A533.npz,g1/csv/240327/punch_self_face_R_004__A533.csv,punch_self_face_R_opt_3_004,A533,punch_self_face_R_004,240327,_1,punch_self_face_R_opt_3,why are you punching yourself,punch yourself funny,hit yourself funny,A person is comically punching themself in the face with the right hand and then they stand straight.,person standing raises their fist and punches themselves in the face in a comical fashion,punch yourself in the face comically,punch self face opt 3,neutral,neutral,combat,standing,1,0,0,0,0,A533,M,171,29,141,35,90,134,172,95,26,54,11,71,27,M,actor
punch_self_face_R_opt_3_004__A533_M,punch_self_face_R_004__A533_M,607,Sport,Martial Arts,1.0,True,soma_uniform/bvh/240327/punch_self_face_R_004__A533_M.bvh,soma_shapes/soma_base_fit_mhr_params.npz,soma_proportional/bvh/240327/punch_self_face_R_004__A533_M.bvh,soma_shapes/soma_proportion_fit_mhr_params/A533.npz,g1/csv/240327/punch_self_face_R_004__A533_M.csv,punch_self_face_R_opt_3_004,A533,punch_self_face_R_004,240327,_1,punch_self_face_R_opt_3_M,why are you punching yourself,punch yourself funny,hit yourself funny,A person is comically punching themself in the face with the left hand and then they stand straight.,person standing raises their fist and punches themselves in the face in a comical fashion,punch yourself in the face comically,punch self face opt 3,neutral,neutral,combat,standing,1,0,0,0,0,A533,M,171,29,141,35,90,134,172,95,26,54,11,71,27,M,actor
prepare_knuckles_R_001__A456,prepare_knuckles_R_001__A456,589,Communication,Gestures,1.0,False,soma_uniform/bvh/231004/prepare_knuckles_R_001__A456.bvh,soma_shapes/soma_base_fit_mhr_params.npz,soma_proportional/bvh/231004/prepare_knuckles_R_001__A456.bvh,soma_shapes/soma_proportion_fit_mhr_params/A456.npz,g1/csv/231004/prepare_knuckles_R_001__A456.csv,prepare_knuckles_R_001,A456,prepare_knuckles_R_001,231004,_1,prepare_knuckles_R,character preparing knuckles,person prepares their knuckles with a gesture,"character clenches their fist and rotates or cracks their knuckles, preparing for physical activity or confrontation","A person standing in a place raises their arms, prepares their knuckles firmly, and then lowers their arms to their sides.","preparing fists for eventual fight, right hand preparation first",preparing knuckles,prepare knuckles,neutral,neutral,gesture,standing,0,0,0,0,0,A456,M,166,24,135,23,86,130,160,100,24,45,9,50,30,F,actor
prepare_knuckles_R_001__A456_M,prepare_knuckles_R_001__A456_M,589,Communication,Gestures,1.0,True,soma_uniform/bvh/231004/prepare_knuckles_R_001__A456_M.bvh,soma_shapes/soma_base_fit_mhr_params.npz,soma_proportional/bvh/231004/prepare_knuckles_R_001__A456_M.bvh,soma_shapes/soma_proportion_fit_mhr_params/A456.npz,g1/csv/231004/prepare_knuckles_R_001__A456_M.csv,prepare_knuckles_R_001,A456,prepare_knuckles_R_001,231004,_1,prepare_knuckles_R_M,character preparing knuckles,person prepares their knuckles with a gesture,"character clenches their fist and rotates or cracks their knuckles, preparing for physical activity or confrontation","A person standing in a place raises their arms, prepares their knuckles firmly, and then lowers their arms to their sides.","preparing fists for eventual fight, left hand preparation first",preparing knuckles,prepare knuckles,neutral,neutral,gesture,standing,0,0,0,0,0,A456,M,166,24,135,23,86,130,160,100,24,45,9,50,30,F,actor
prepare_knuckles_R_001__A457,prepare_knuckles_R_001__A457,480,Communication,Gestures,1.0,False,soma_uniform/bvh/231004/prepare_knuckles_R_001__A457.bvh,soma_shapes/soma_base_fit_mhr_params.npz,soma_proportional/bvh/231004/prepare_knuckles_R_001__A457.bvh,soma_shapes/soma_proportion_fit_mhr_params/A457.npz,g1/csv/231004/prepare_knuckles_R_001__A457.csv,prepare_knuckles_R_001,A457,prepare_knuckles_R_001,231004,_1,prepare_knuckles_R,character preparing knuckles,person prepares their knuckles with a gesture,"character clenches their fist and rotates or cracks their knuckles, preparing for physical activity or confrontation","A person raises and joins their hands in front of the torso, prepares knuckle movements, then lowers arms to the sides and stands still.","preparing fists for eventual fight, right hand preparation first",preparing knuckles,prepare knuckles,neutral,neutral,gesture,standing,0,0,0,0,0,A457,M,171,29,141,30,92,133,174,98,28,56,12,63,27,F,actor
prepare_knuckles_R_001__A457_M,prepare_knuckles_R_001__A457_M,480,Communication,Gestures,1.0,True,soma_uniform/bvh/231004/prepare_knuckles_R_001__A457_M.bvh,soma_shapes/soma_base_fit_mhr_params.npz,soma_proportional/bvh/231004/prepare_knuckles_R_001__A457_M.bvh,soma_shapes/soma_proportion_fit_mhr_params/A457.npz,g1/csv/231004/prepare_knuckles_R_001__A457_M.csv,prepare_knuckles_R_001,A457,prepare_knuckles_R_001,231004,_1,prepare_knuckles_R_M,character preparing knuckles,person prepares their knuckles with a gesture,"character clenches their fist and rotates or cracks their knuckles, preparing for physical activity or confrontation","A person raises and joins their hands in front of the torso, prepares knuckle movements, then lowers arms to the sides and stands still.","preparing fists for eventual fight, left hand preparation first",preparing knuckles,prepare knuckles,neutral,neutral,gesture,standing,0,0,0,0,0,A457,M,171,29,141,30,92,133,174,98,28,56,12,63,27,F,actor
prepare_knuckles_R_001__A458,prepare_knuckles_R_001__A458,463,Communication,Gestures,1.0,False,soma_uniform/bvh/231004/prepare_knuckles_R_001__A458.bvh,soma_shapes/soma_base_fit_mhr_params.npz,soma_proportional/bvh/231004/prepare_knuckles_R_001__A458.bvh,soma_shapes/soma_proportion_fit_mhr_params/A458.npz,g1/csv/231004/prepare_knuckles_R_001__A458.csv,prepare_knuckles_R_001,A458,prepare_knuckles_R_001,231004,_1,prepare_knuckles_R,character preparing knuckles,person prepares their knuckles with a gesture,"character clenches their fist and rotates or cracks their knuckles, preparing for physical activity or confrontation","A person standing in a place raises their arms, prepares their knuckles firmly, and then lowers their arms to their sides.","preparing fists for eventual fight, right hand preparation first",preparing knuckles,prepare knuckles,neutral,neutral,gesture,standing,0,0,0,0,0,A458,M,180,29,148,39,98,140,179,101,31,52,10,80,28,M,actor
prepare_knuckles_R_001__A458_M,prepare_knuckles_R_001__A458_M,463,Communication,Gestures,1.0,True,soma_uniform/bvh/231004/prepare_knuckles_R_001__A458_M.bvh,soma_shapes/soma_base_fit_mhr_params.npz,soma_proportional/bvh/231004/prepare_knuckles_R_001__A458_M.bvh,soma_shapes/soma_proportion_fit_mhr_params/A458.npz,g1/csv/231004/prepare_knuckles_R_001__A458_M.csv,prepare_knuckles_R_001,A458,prepare_knuckles_R_001,231004,_1,prepare_knuckles_R_M,character preparing knuckles,person prepares their knuckles with a gesture,"character clenches their fist and rotates or cracks their knuckles, preparing for physical activity or confrontation","A person standing in a place raises their arms, prepares their knuckles firmly, and then lowers their arms to their sides.","preparing fists for eventual fight, left hand preparation first",preparing knuckles,prepare knuckles,neutral,neutral,gesture,standing,0,0,0,0,0,A458,M,180,29,148,39,98,140,179,101,31,52,10,80,28,M,actor
prepare_knuckles_R_001__A459,prepare_knuckles_R_001__A459,430,Communication,Gestures,1.0,False,soma_uniform/bvh/231004/prepare_knuckles_R_001__A459.bvh,soma_shapes/soma_base_fit_mhr_params.npz,soma_proportional/bvh/231004/prepare_knuckles_R_001__A459.bvh,soma_shapes/soma_proportion_fit_mhr_params/A459.npz,g1/csv/231004/prepare_knuckles_R_001__A459.csv,prepare_knuckles_R_001,A459,prepare_knuckles_R_001,231004,_1,prepare_knuckles_R,character preparing knuckles,person prepares their knuckles with a gesture,"character clenches their fist and rotates or cracks their knuckles, preparing for physical activity or confrontation",A person swiftly raises their hands in front of their chest to crack their knuckles and then lowers it down to the sides.,"preparing fists for eventual fight, right hand preparation first",preparing knuckles,prepare knuckles,neutral,neutral,gesture,standing,0,0,0,0,0,A459,M,182,28,151,41,94,139,174,104,32,57,10,78,31,M,actor
prepare_knuckles_R_001__A459_M,prepare_knuckles_R_001__A459_M,430,Communication,Gestures,1.0,True,soma_uniform/bvh/231004/prepare_knuckles_R_001__A459_M.bvh,soma_shapes/soma_base_fit_mhr_params.npz,soma_proportional/bvh/231004/prepare_knuckles_R_001__A459_M.bvh,soma_shapes/soma_proportion_fit_mhr_params/A459.npz,g1/csv/231004/prepare_knuckles_R_001__A459_M.csv,prepare_knuckles_R_001,A459,prepare_knuckles_R_001,231004,_1,prepare_knuckles_R_M,character preparing knuckles,person prepares their knuckles with a gesture,"character clenches their fist and rotates or cracks their knuckles, preparing for physical activity or confrontation",A person swiftly raises their hands in front of their chest to crack their knuckles and then lowers it down to the sides.,"preparing fists for eventual fight, left hand preparation first",preparing knuckles,prepare knuckles,neutral,neutral,gesture,standing,0,0,0,0,0,A459,M,182,28,151,41,94,139,174,104,32,57,10,78,31,M,actor
ib_combat_turn_jog_start_270_R_003__A437,ib_combat_turn_jog_start_270_R_003__A437,454,Sport,Martial Arts,1.0,False,soma_uniform/bvh/230731/ib_combat_turn_jog_start_270_R_003__A437.bvh,soma_shapes/soma_base_fit_mhr_params.npz,soma_proportional/bvh/230731/ib_combat_turn_jog_start_270_R_003__A437.bvh,soma_shapes/soma_proportion_fit_mhr_params/A437.npz,g1/csv/230731/ib_combat_turn_jog_start_270_R_003__A437.csv,ib_combat_turn_jog_start_270_R_003,A437,ib_combat_turn_jog_start_270_R_003,230731,_1,ib_combat_turn_jog_start_270_R,"person transition from standing to ready for fight position, turning right and jogging forward","person transitions from a standing position to a ready-for-fight position, turning to the right and jogging forward","person transitions from standing to a ready-for-fight position by turning right and jogging forward, displaying a dynamic and assertive movement",A person standing idle turns into a combat position and then turns right to jog.,"standing still, then transition to combat position, by putting right leg to the back, then turn right and jog forward, then stop","transition from standing to ready for fight position, turning right and jogging forward",ib combat turn jog start 270,neutral,neutral,standing,"standing, combat",1,0,0,1,0,A437,T,196,30,186,40,106,155,196,114,28,57,9,82,24,M,actor
ib_combat_turn_jog_start_270_R_003__A437_M,ib_combat_turn_jog_start_270_R_003__A437_M,454,Sport,Martial Arts,1.0,True,soma_uniform/bvh/230731/ib_combat_turn_jog_start_270_R_003__A437_M.bvh,soma_shapes/soma_base_fit_mhr_params.npz,soma_proportional/bvh/230731/ib_combat_turn_jog_start_270_R_003__A437_M.bvh,soma_shapes/soma_proportion_fit_mhr_params/A437.npz,g1/csv/230731/ib_combat_turn_jog_start_270_R_003__A437_M.csv,ib_combat_turn_jog_start_270_R_003,A437,ib_combat_turn_jog_start_270_R_003,230731,_1,ib_combat_turn_jog_start_270_R_M,"person transition from standing to ready for fight position, turning left and jogging forward","person transitions from a standing position to a ready-for-fight position, turning to the left and jogging forward","person transitions from standing to a ready-for-fight position by turning left and jogging forward, displaying a dynamic and assertive movement",A person standing idle turns into a combat position and then turns left to jog.,"standing still, then transition to combat position, by putting left leg to the back, then turn left and jog forward, then stop","transition from standing to ready for fight position, turning left and jogging forward",ib combat turn jog start 090,neutral,neutral,standing,"standing, combat",1,0,0,1,0,A437,T,196,30,186,40,106,155,196,114,28,57,9,82,24,M,actor
ib_combat_turn_jog_start_360_R_001__A437,ib_combat_turn_jog_start_360_R_001__A437,464,Sport,Martial Arts,1.0,False,soma_uniform/bvh/230731/ib_combat_turn_jog_start_360_R_001__A437.bvh,soma_shapes/soma_base_fit_mhr_params.npz,soma_proportional/bvh/230731/ib_combat_turn_jog_start_360_R_001__A437.bvh,soma_shapes/soma_proportion_fit_mhr_params/A437.npz,g1/csv/230731/ib_combat_turn_jog_start_360_R_001__A437.csv,ib_combat_turn_jog_start_360_R_001,A437,ib_combat_turn_jog_start_360_R_001,230731,_1,ib_combat_turn_jog_start_360_R,"person transition from standing to ready for fight position, turning back and jogging forward","person transitions from a standing position to a ready-for-fight position, turning back and jogging forward","person transitions from standing to a ready-for-fight position by turning back and jogging forward, demonstrating agility and agility in their movements","A person standing upright transitions to a fighting stance, then turns backward over the right shoulder and jogs forward quickly.","standing still, then transition to combat position, by putting right leg to the back, then turn back over right shoulder and jog forward, then stop","transition from standing to ready for fight position, turning back and jogging forward",ib combat turn jog start 360,neutral,neutral,standing,"standing, combat",1,0,0,1,0,A437,T,196,30,186,40,106,155,196,114,28,57,9,82,24,M,actor
ib_combat_turn_jog_start_360_R_001__A437_M,ib_combat_turn_jog_start_360_R_001__A437_M,464,Sport,Martial Arts,1.0,True,soma_uniform/bvh/230731/ib_combat_turn_jog_start_360_R_001__A437_M.bvh,soma_shapes/soma_base_fit_mhr_params.npz,soma_proportional/bvh/230731/ib_combat_turn_jog_start_360_R_001__A437_M.bvh,soma_shapes/soma_proportion_fit_mhr_params/A437.npz,g1/csv/230731/ib_combat_turn_jog_start_360_R_001__A437_M.csv,ib_combat_turn_jog_start_360_R_001,A437,ib_combat_turn_jog_start_360_R_001,230731,_1,ib_combat_turn_jog_start_360_R_M,"person transition from standing to ready for fight position, turning back and jogging forward","person transitions from a standing position to a ready-for-fight position, turning back and jogging forward","person transitions from standing to a ready-for-fight position by turning back and jogging forward, demonstrating agility and agility in their movements","A person standing upright transitions to a fighting stance, then turns backward over the left shoulder and jogs forward quickly.","standing still, then transition to combat position, by putting left leg to the back, then turn back over left shoulder and jog forward, then stop","transition from standing to ready for fight position, turning back and jogging forward",ib combat turn jog start 000,neutral,neutral,standing,"standing, combat",1,0,0,1,0,A437,T,196,30,186,40,106,155,196,114,28,57,9,82,24,M,actor
ib_dodge_270_R_001__A437,ib_dodge_270_R_001__A437,465,Sport,Martial Arts,1.0,False,soma_uniform/bvh/230731/ib_dodge_270_R_001__A437.bvh,soma_shapes/soma_base_fit_mhr_params.npz,soma_proportional/bvh/230731/ib_dodge_270_R_001__A437.bvh,soma_shapes/soma_proportion_fit_mhr_params/A437.npz,g1/csv/230731/ib_dodge_270_R_001__A437.csv,ib_dodge_270_R_001,A437,ib_dodge_270_R_001,230731,_1,ib_dodge_270_R,"person transition from standing to ready for fight position, dodging to the right","person transitions from a standing position to a ready-for-fight position, dodging to the right","person transitions from standing to a ready-for-fight position and dodges to the right, swiftly and evasively avoiding a potential threat","A standing person quickly transitions to a ready-to-fight position, then dodges to the right energetically and stands upright facing forward.","standing still, then transition to combat position, by putting right leg to the back, then jump to the right, then adding right leg to the left, standing still","transition from standing to ready for fight position, dodging to the right",ib dodge 270,neutral,neutral,standing,standing,1,0,0,1,0,A437,T,196,30,186,40,106,155,196,114,28,57,9,82,24,M,actor
ib_dodge_270_R_001__A437_M,ib_dodge_270_R_001__A437_M,465,Sport,Martial Arts,1.0,True,soma_uniform/bvh/230731/ib_dodge_270_R_001__A437_M.bvh,soma_shapes/soma_base_fit_mhr_params.npz,soma_proportional/bvh/230731/ib_dodge_270_R_001__A437_M.bvh,soma_shapes/soma_proportion_fit_mhr_params/A437.npz,g1/csv/230731/ib_dodge_270_R_001__A437_M.csv,ib_dodge_270_R_001,A437,ib_dodge_270_R_001,230731,_1,ib_dodge_270_R_M,"person transition from standing to ready for fight position, dodging to the left","person transitions from a standing position to a ready-for-fight position, dodging to the left","person transitions from standing to a ready-for-fight position and dodges to the left, swiftly and evasively avoiding a potential threat","A standing person quickly transitions to a ready-to-fight position, then dodges to the left energetically and stands upright facing forward.","standing still, then transition to combat position, by putting left leg to the back, then jump to the left, then adding left leg to the right, standing still","transition from standing to ready for fight position, dodging to the left",ib dodge 090,neutral,neutral,standing,standing,1,0,0,1,0,A437,T,196,30,186,40,106,155,196,114,28,57,9,82,24,M,actor
ib_dodge_270_R_003__A437,ib_dodge_270_R_003__A437,444,Sport,Martial Arts,1.0,False,soma_uniform/bvh/230731/ib_dodge_270_R_003__A437.bvh,soma_shapes/soma_base_fit_mhr_params.npz,soma_proportional/bvh/230731/ib_dodge_270_R_003__A437.bvh,soma_shapes/soma_proportion_fit_mhr_params/A437.npz,g1/csv/230731/ib_dodge_270_R_003__A437.csv,ib_dodge_270_R_003,A437,ib_dodge_270_R_003,230731,_1,ib_dodge_270_R,"person transition from standing to ready for fight position, dodging to the right","person transitions from a standing position to a ready-for-fight position, dodging to the right","person transitions from standing to a ready-for-fight position and dodges to the right, swiftly and evasively avoiding a potential threat","A person is stepping back to take a ready-to-fight stance and then quickly jumping to their right, swinging their arms.","standing still, then transition to combat position, by putting right leg to the back, then jump to the right, then adding right leg to the left, standing still","transition from standing to ready for fight position, dodging to the right",ib dodge 270,neutral,neutral,standing,standing,1,0,0,1,0,A437,T,196,30,186,40,106,155,196,114,28,57,9,82,24,M,actor
ib_dodge_270_R_003__A437_M,ib_dodge_270_R_003__A437_M,444,Sport,Martial Arts,1.0,True,soma_uniform/bvh/230731/ib_dodge_270_R_003__A437_M.bvh,soma_shapes/soma_base_fit_mhr_params.npz,soma_proportional/bvh/230731/ib_dodge_270_R_003__A437_M.bvh,soma_shapes/soma_proportion_fit_mhr_params/A437.npz,g1/csv/230731/ib_dodge_270_R_003__A437_M.csv,ib_dodge_270_R_003,A437,ib_dodge_270_R_003,230731,_1,ib_dodge_270_R_M,"person transition from standing to ready for fight position, dodging to the left","person transitions from a standing position to a ready-for-fight position, dodging to the left","person transitions from standing to a ready-for-fight position and dodges to the left, swiftly and evasively avoiding a potential threat","A person is stepping back to take a ready-to-fight stance and then quickly jumping to their left, swinging their arms.","standing still, then transition to combat position, by putting left leg to the back, then jump to the left, then adding left leg to the right, standing still","transition from standing to ready for fight position, dodging to the left",ib dodge 090,neutral,neutral,standing,standing,1,0,0,1,0,A437,T,196,30,186,40,106,155,196,114,28,57,9,82,24,M,actor
ib_dodge_back_L_001__A437,ib_dodge_back_L_001__A437,792,Sport,Martial Arts,1.0,False,soma_uniform/bvh/230731/ib_dodge_back_L_001__A437.bvh,soma_shapes/soma_base_fit_mhr_params.npz,soma_proportional/bvh/230731/ib_dodge_back_L_001__A437.bvh,soma_shapes/soma_proportion_fit_mhr_params/A437.npz,g1/csv/230731/ib_dodge_back_L_001__A437.csv,ib_dodge_back_L_001,A437,ib_dodge_back_L_001,230731,_1,ib_dodge_back_L,"person transition from standing to ready for fight position, dodging to the back","person transitions from a standing position to a ready-for-fight position, dodging backward","person transitions from standing to a ready-for-fight position and dodges to the back, displaying quick reflexes and defensive movements",A person transitions to a combat stance and swiftly dodges backwards and then stands straight while facing forward.,"standing still, then transition to combat position, by putting left leg to the back, then jump to the back, then adding left leg to the right, standing still","transition from standing to ready for fight position, dodging to the back",ib dodge back,neutral,neutral,standing,"standing, leaning",1,0,0,1,0,A437,T,196,30,186,40,106,155,196,114,28,57,9,82,24,M,actor
ib_dodge_back_L_001__A437_M,ib_dodge_back_L_001__A437_M,792,Sport,Martial Arts,1.0,True,soma_uniform/bvh/230731/ib_dodge_back_L_001__A437_M.bvh,soma_shapes/soma_base_fit_mhr_params.npz,soma_proportional/bvh/230731/ib_dodge_back_L_001__A437_M.bvh,soma_shapes/soma_proportion_fit_mhr_params/A437.npz,g1/csv/230731/ib_dodge_back_L_001__A437_M.csv,ib_dodge_back_L_001,A437,ib_dodge_back_L_001,230731,_1,ib_dodge_back_L_M,"person transition from standing to ready for fight position, dodging to the back","person transitions from a standing position to a ready-for-fight position, dodging backward","person transitions from standing to a ready-for-fight position and dodges to the back, displaying quick reflexes and defensive movements",A person transitions to a combat stance and swiftly dodges backwards and then stands straight while facing forward.,"standing still, then transition to combat position, by putting right leg to the back, then jump to the back, then adding right leg to the left, standing still","transition from standing to ready for fight position, dodging to the back",ib dodge back,neutral,neutral,standing,"standing, leaning",1,0,0,1,0,A437,T,196,30,186,40,106,155,196,114,28,57,9,82,24,M,actor
ib_dodge_back_L_002__A437,ib_dodge_back_L_002__A437,464,Sport,Martial Arts,1.0,False,soma_uniform/bvh/230731/ib_dodge_back_L_002__A437.bvh,soma_shapes/soma_base_fit_mhr_params.npz,soma_proportional/bvh/230731/ib_dodge_back_L_002__A437.bvh,soma_shapes/soma_proportion_fit_mhr_params/A437.npz,g1/csv/230731/ib_dodge_back_L_002__A437.csv,ib_dodge_back_L_002,A437,ib_dodge_back_L_002,230731,_1,ib_dodge_back_L,"person transition from standing to ready for fight position, dodging to the back","person transitions from a standing position to a ready-for-fight position, dodging backward","person transitions from standing to a ready-for-fight position and dodges to the back, displaying quick reflexes and defensive movements","A person quickly dodges backward into a ready-for-fight stance, then straightens upright.","standing still, then transition to combat position, by putting left leg to the back, then jump to the back, then adding left leg to the right, standing still","transition from standing to ready for fight position, dodging to the back",ib dodge back,neutral,neutral,standing,"standing, leaning",1,0,0,1,0,A437,T,196,30,186,40,106,155,196,114,28,57,9,82,24,M,actor
ib_dodge_back_L_002__A437_M,ib_dodge_back_L_002__A437_M,464,Sport,Martial Arts,1.0,True,soma_uniform/bvh/230731/ib_dodge_back_L_002__A437_M.bvh,soma_shapes/soma_base_fit_mhr_params.npz,soma_proportional/bvh/230731/ib_dodge_back_L_002__A437_M.bvh,soma_shapes/soma_proportion_fit_mhr_params/A437.npz,g1/csv/230731/ib_dodge_back_L_002__A437_M.csv,ib_dodge_back_L_002,A437,ib_dodge_back_L_002,230731,_1,ib_dodge_back_L_M,"person transition from standing to ready for fight position, dodging to the back","person transitions from a standing position to a ready-for-fight position, dodging backward","person transitions from standing to a ready-for-fight position and dodges to the back, displaying quick reflexes and defensive movements","A person quickly dodges backward into a ready-for-fight stance, then straightens upright.","standing still, then transition to combat position, by putting right leg to the back, then jump to the back, then adding right leg to the left, standing still","transition from standing to ready for fight position, dodging to the back",ib dodge back,neutral,neutral,standing,"standing, leaning",1,0,0,1,0,A437,T,196,30,186,40,106,155,196,114,28,57,9,82,24,M,actor
ib_dodge_down_L_002__A437,ib_dodge_down_L_002__A437,411,Sport,Martial Arts,1.0,False,soma_uniform/bvh/230731/ib_dodge_down_L_002__A437.bvh,soma_shapes/soma_base_fit_mhr_params.npz,soma_proportional/bvh/230731/ib_dodge_down_L_002__A437.bvh,soma_shapes/soma_proportion_fit_mhr_params/A437.npz,g1/csv/230731/ib_dodge_down_L_002__A437.csv,ib_dodge_down_L_002,A437,ib_dodge_down_L_002,230731,_1,ib_dodge_down_L,"person transition from standing to ready for fight position, dodging by leaning","person transitions from a standing position to a ready-for-fight position, dodging by leaning","person transitions from standing to a ready-for-fight position and dodges by leaning, showcasing flexibility and adaptability in their defensive maneuvers",A person transitions from standing to a ready-for-fight position quickly while dodging by leaning and then stands relaxed.,"standing still, then transition to combat position, by putting left leg to the back, lean down and get up, then adding left leg to the right, standing still","transition from standing to ready for fight position, dodging by leaning",ib dodge down,neutral,neutral,standing,standing,0,1,0,1,0,A437,T,196,30,186,40,106,155,196,114,28,57,9,82,24,M,actor
ib_dodge_down_L_002__A437_M,ib_dodge_down_L_002__A437_M,411,Sport,Martial Arts,1.0,True,soma_uniform/bvh/230731/ib_dodge_down_L_002__A437_M.bvh,soma_shapes/soma_base_fit_mhr_params.npz,soma_proportional/bvh/230731/ib_dodge_down_L_002__A437_M.bvh,soma_shapes/soma_proportion_fit_mhr_params/A437.npz,g1/csv/230731/ib_dodge_down_L_002__A437_M.csv,ib_dodge_down_L_002,A437,ib_dodge_down_L_002,230731,_1,ib_dodge_down_L_M,"person transition from standing to ready for fight position, dodging by leaning","person transitions from a standing position to a ready-for-fight position, dodging by leaning","person transitions from standing to a ready-for-fight position and dodges by leaning, showcasing flexibility and adaptability in their defensive maneuvers",A person transitions from standing to a ready-for-fight position quickly while dodging by leaning and then stands relaxed.,"standing still, then transition to combat position, by putting right leg to the back, lean down and get up, then adding right leg to the left, standing still","transition from standing to ready for fight position, dodging by leaning",ib dodge down,neutral,neutral,standing,standing,0,1,0,1,0,A437,T,196,30,186,40,106,155,196,114,28,57,9,82,24,M,actor
ib_dodge_up_R_001__A437,ib_dodge_up_R_001__A437,591,Sport,Martial Arts,1.0,False,soma_uniform/bvh/230731/ib_dodge_up_R_001__A437.bvh,soma_shapes/soma_base_fit_mhr_params.npz,soma_proportional/bvh/230731/ib_dodge_up_R_001__A437.bvh,soma_shapes/soma_proportion_fit_mhr_params/A437.npz,g1/csv/230731/ib_dodge_up_R_001__A437.csv,ib_dodge_up_R_001,A437,ib_dodge_up_R_001,230731,_1,ib_dodge_up_R,"person transition from standing to ready for fight position, dodging by jumping up","person transitions from a standing position to a ready-for-fight position, dodging by jumping up","person transitions from standing to a ready-for-fight position and dodges by jumping up, displaying athleticism and a dynamic approach to evasion","An idle person shifts their posture into a fighting stance, then dodges an attack by jumping into the air, landing, and standing straight.","standing still, then transition to combat position, by putting right leg to the back, then jump up, then adding right leg to the left, standing still","transition from standing to ready for fight position, dodging by jumping up",ib dodge up,neutral,neutral,standing,standing,0,1,0,1,0,A437,T,196,30,186,40,106,155,196,114,28,57,9,82,24,M,actor
ib_dodge_up_R_001__A437_M,ib_dodge_up_R_001__A437_M,591,Sport,Martial Arts,1.0,True,soma_uniform/bvh/230731/ib_dodge_up_R_001__A437_M.bvh,soma_shapes/soma_base_fit_mhr_params.npz,soma_proportional/bvh/230731/ib_dodge_up_R_001__A437_M.bvh,soma_shapes/soma_proportion_fit_mhr_params/A437.npz,g1/csv/230731/ib_dodge_up_R_001__A437_M.csv,ib_dodge_up_R_001,A437,ib_dodge_up_R_001,230731,_1,ib_dodge_up_R_M,"person transition from standing to ready for fight position, dodging by jumping up","person transitions from a standing position to a ready-for-fight position, dodging by jumping up","person transitions from standing to a ready-for-fight position and dodges by jumping up, displaying athleticism and a dynamic approach to evasion","An idle person shifts their posture into a fighting stance, then dodges an attack by jumping into the air, landing, and standing straight.","standing still, then transition to combat position, by putting left leg to the back, then jump up, then adding left leg to the right, standing still","transition from standing to ready for fight position, dodging by jumping up",ib dodge up,neutral,neutral,standing,standing,0,1,0,1,0,A437,T,196,30,186,40,106,155,196,114,28,57,9,82,24,M,actor
scissor_kick_R_001__A359,scissor_kick_R_001__A359,1042,Sport,Sports,1.0,False,soma_uniform/bvh/230509/scissor_kick_R_001__A359.bvh,soma_shapes/soma_base_fit_mhr_params.npz,soma_proportional/bvh/230509/scissor_kick_R_001__A359.bvh,soma_shapes/soma_proportion_fit_mhr_params/A359.npz,g1/csv/230509/scissor_kick_R_001__A359.csv,scissor_kick_R_001,A359,scissor_kick_R_001,230509,_2,scissor_kick_R,"person on the floor is performing a scissor kick exercise, raising legs alternately","perform a scissor kick exercise from a lying position, starting with the right leg","lying down, person alternately raises their legs to a 45 degree angle starting with the right","A person lying on their back raises their legs, performs scissor kicks actively, and then lowers their legs and lies idle.","alternate raising legs in 45 degree while lying on the floor, start right leg",scissor kick,scissor kick,neutral,neutral,kicking,standing,1,1,0,0,0,A359,M,176,27,149,30,94,136,175,100,26,54,10,59,37,F,actor
scissor_kick_R_001__A359_M,scissor_kick_R_001__A359_M,1042,Sport,Sports,1.0,True,soma_uniform/bvh/230509/scissor_kick_R_001__A359_M.bvh,soma_shapes/soma_base_fit_mhr_params.npz,soma_proportional/bvh/230509/scissor_kick_R_001__A359_M.bvh,soma_shapes/soma_proportion_fit_mhr_params/A359.npz,g1/csv/230509/scissor_kick_R_001__A359_M.csv,scissor_kick_R_001,A359,scissor_kick_R_001,230509,_2,scissor_kick_R_M,"person on the floor is performing a scissor kick exercise, raising legs alternately","perform a scissor kick exercise from a lying position, starting with the left leg","lying down, person alternately raises their legs to a 45 degree angle starting with the left","A person lying on their back raises their legs, performs scissor kicks actively, and then lowers their legs and lies idle.","alternate raising legs in 45 degree while lying on the floor, start left leg",scissor kick,scissor kick,neutral,neutral,kicking,standing,1,1,0,0,0,A359,M,176,27,149,30,94,136,175,100,26,54,10,59,37,F,actor
scissor_kick_R_001__A360,scissor_kick_R_001__A360,872,Sport,Sports,1.0,False,soma_uniform/bvh/230509/scissor_kick_R_001__A360.bvh,soma_shapes/soma_base_fit_mhr_params.npz,soma_proportional/bvh/230509/scissor_kick_R_001__A360.bvh,soma_shapes/soma_proportion_fit_mhr_params/A360.npz,g1/csv/230509/scissor_kick_R_001__A360.csv,scissor_kick_R_001,A360,scissor_kick_R_001,230509,_2,scissor_kick_R,"person on the floor is performing a scissor kick exercise, raising legs alternately","perform a scissor kick exercise from a lying position, starting with the right leg","lying down, person alternately raises their legs to a 45 degree angle starting with the right","A person lying on their back raises their legs, performs scissor kicks actively, and then lowers their legs and lies idle.","alternate raising legs in 45 degree while lying on the floor, start right leg",scissor kick,scissor kick,neutral,neutral,kicking,standing,1,1,0,0,0,A360,M,181,29,152,35,99,145,188,103,29,58,10,73,25,M,actor
scissor_kick_R_001__A360_M,scissor_kick_R_001__A360_M,872,Sport,Sports,1.0,True,soma_uniform/bvh/230509/scissor_kick_R_001__A360_M.bvh,soma_shapes/soma_base_fit_mhr_params.npz,soma_proportional/bvh/230509/scissor_kick_R_001__A360_M.bvh,soma_shapes/soma_proportion_fit_mhr_params/A360.npz,g1/csv/230509/scissor_kick_R_001__A360_M.csv,scissor_kick_R_001,A360,scissor_kick_R_001,230509,_2,scissor_kick_R_M,"person on the floor is performing a scissor kick exercise, raising legs alternately","perform a scissor kick exercise from a lying position, starting with the left leg","lying down, person alternately raises their legs to a 45 degree angle starting with the left","A person lying on their back raises their legs, performs scissor kicks actively, and then lowers their legs and lies idle.","alternate raising legs in 45 degree while lying on the floor, start left leg",scissor kick,scissor kick,neutral,neutral,kicking,standing,1,1,0,0,0,A360,M,181,29,152,35,99,145,188,103,29,58,10,73,25,M,actor
scissor_kick_R_001__A361,scissor_kick_R_001__A361,879,Sport,Sports,1.0,False,soma_uniform/bvh/230509/scissor_kick_R_001__A361.bvh,soma_shapes/soma_base_fit_mhr_params.npz,soma_proportional/bvh/230509/scissor_kick_R_001__A361.bvh,soma_shapes/soma_proportion_fit_mhr_params/A361.npz,g1/csv/230509/scissor_kick_R_001__A361.csv,scissor_kick_R_001,A361,scissor_kick_R_001,230509,_2,scissor_kick_R,"person on the floor is performing a scissor kick exercise, raising legs alternately","perform a scissor kick exercise from a lying position, starting with the right leg","lying down, person alternately raises their legs to a 45 degree angle starting with the right",A person is energetically doing scissor kicks and then lies on the floor idle.,"alternate raising legs in 45 degree while lying on the floor, start right leg",scissor kick,scissor kick,neutral,neutral,kicking,standing,1,1,0,0,0,A361,T,177,26,147,30,96,138,174,100,27,54,8,64,25,F,actor
scissor_kick_R_001__A361_M,scissor_kick_R_001__A361_M,879,Sport,Sports,1.0,True,soma_uniform/bvh/230509/scissor_kick_R_001__A361_M.bvh,soma_shapes/soma_base_fit_mhr_params.npz,soma_proportional/bvh/230509/scissor_kick_R_001__A361_M.bvh,soma_shapes/soma_proportion_fit_mhr_params/A361.npz,g1/csv/230509/scissor_kick_R_001__A361_M.csv,scissor_kick_R_001,A361,scissor_kick_R_001,230509,_2,scissor_kick_R_M,"person on the floor is performing a scissor kick exercise, raising legs alternately","perform a scissor kick exercise from a lying position, starting with the left leg","lying down, person alternately raises their legs to a 45 degree angle starting with the left",A person is energetically doing scissor kicks and then lies on the floor idle.,"alternate raising legs in 45 degree while lying on the floor, start left leg",scissor kick,scissor kick,neutral,neutral,kicking,standing,1,1,0,0,0,A361,T,177,26,147,30,96,138,174,100,27,54,8,64,25,F,actor
scissor_kick_R_001__A362,scissor_kick_R_001__A362,565,Sport,Sports,1.0,False,soma_uniform/bvh/230509/scissor_kick_R_001__A362.bvh,soma_shapes/soma_base_fit_mhr_params.npz,soma_proportional/bvh/230509/scissor_kick_R_001__A362.bvh,soma_shapes/soma_proportion_fit_mhr_params/A362.npz,g1/csv/230509/scissor_kick_R_001__A362.csv,scissor_kick_R_001,A362,scissor_kick_R_001,230509,_2,scissor_kick_R,"person on the floor is performing a scissor kick exercise, raising legs alternately","perform a scissor kick exercise from a lying position, starting with the right leg","lying down, person alternately raises their legs to a 45 degree angle starting with the right","A person, lying down, lifts their legs up and performs a scissor kick.","alternate raising legs in 45 degree while lying on the floor, start right leg",scissor kick,scissor kick,neutral,neutral,kicking,standing,1,1,0,0,0,A362,T,196,30,186,40,106,155,196,114,28,57,9,82,24,M,actor
scissor_kick_R_001__A362_M,scissor_kick_R_001__A362_M,565,Sport,Sports,1.0,True,soma_uniform/bvh/230509/scissor_kick_R_001__A362_M.bvh,soma_shapes/soma_base_fit_mhr_params.npz,soma_proportional/bvh/230509/scissor_kick_R_001__A362_M.bvh,soma_shapes/soma_proportion_fit_mhr_params/A362.npz,g1/csv/230509/scissor_kick_R_001__A362_M.csv,scissor_kick_R_001,A362,scissor_kick_R_001,230509,_2,scissor_kick_R_M,"person on the floor is performing a scissor kick exercise, raising legs alternately","perform a scissor kick exercise from a lying position, starting with the left leg","lying down, person alternately raises their legs to a 45 degree angle starting with the left","A person, lying down, lifts their legs up and performs a scissor kick.","alternate raising legs in 45 degree while lying on the floor, start left leg",scissor kick,scissor kick,neutral,neutral,kicking,standing,1,1,0,0,0,A362,T,196,30,186,40,106,155,196,114,28,57,9,82,24,M,actor
scissor_kick_R_002__A359,scissor_kick_R_002__A359,855,Sport,Sports,1.0,False,soma_uniform/bvh/230509/scissor_kick_R_002__A359.bvh,soma_shapes/soma_base_fit_mhr_params.npz,soma_proportional/bvh/230509/scissor_kick_R_002__A359.bvh,soma_shapes/soma_proportion_fit_mhr_params/A359.npz,g1/csv/230509/scissor_kick_R_002__A359.csv,scissor_kick_R_002,A359,scissor_kick_R_002,230509,_2,scissor_kick_R,"person on the floor is performing a scissor kick exercise, raising legs alternately","perform a scissor kick exercise from a lying position, starting with the right leg","lying down, person alternately raises their legs to a 45 degree angle starting with the right","A person, lying down, lifts their legs up and performs a scissor kick.","alternate raising legs in 45 degree while lying on the floor, start right leg",scissor kick,scissor kick,neutral,neutral,kicking,standing,1,1,0,0,0,A359,M,176,27,149,30,94,136,175,100,26,54,10,59,37,F,actor
scissor_kick_R_002__A359_M,scissor_kick_R_002__A359_M,855,Sport,Sports,1.0,True,soma_uniform/bvh/230509/scissor_kick_R_002__A359_M.bvh,soma_shapes/soma_base_fit_mhr_params.npz,soma_proportional/bvh/230509/scissor_kick_R_002__A359_M.bvh,soma_shapes/soma_proportion_fit_mhr_params/A359.npz,g1/csv/230509/scissor_kick_R_002__A359_M.csv,scissor_kick_R_002,A359,scissor_kick_R_002,230509,_2,scissor_kick_R_M,"person on the floor is performing a scissor kick exercise, raising legs alternately","perform a scissor kick exercise from a lying position, starting with the left leg","lying down, person alternately raises their legs to a 45 degree angle starting with the left","A person, lying down, lifts their legs up and performs a scissor kick.","alternate raising legs in 45 degree while lying on the floor, start left leg",scissor kick,scissor kick,neutral,neutral,kicking,standing,1,1,0,0,0,A359,M,176,27,149,30,94,136,175,100,26,54,10,59,37,F,actor
scissor_kick_R_002__A360,scissor_kick_R_002__A360,638,Sport,Sports,1.0,False,soma_uniform/bvh/230509/scissor_kick_R_002__A360.bvh,soma_shapes/soma_base_fit_mhr_params.npz,soma_proportional/bvh/230509/scissor_kick_R_002__A360.bvh,soma_shapes/soma_proportion_fit_mhr_params/A360.npz,g1/csv/230509/scissor_kick_R_002__A360.csv,scissor_kick_R_002,A360,scissor_kick_R_002,230509,_2,scissor_kick_R,"person on the floor is performing a scissor kick exercise, raising legs alternately","perform a scissor kick exercise from a lying position, starting with the right leg","lying down, person alternately raises their legs to a 45 degree angle starting with the right","A person lying on their back raises their legs, performs scissor kicks actively, and then lowers their legs and lies idle.","alternate raising legs in 45 degree while lying on the floor, start right leg",scissor kick,scissor kick,neutral,neutral,kicking,standing,1,1,0,0,0,A360,M,181,29,152,35,99,145,188,103,29,58,10,73,25,M,actor
scissor_kick_R_002__A360_M,scissor_kick_R_002__A360_M,638,Sport,Sports,1.0,True,soma_uniform/bvh/230509/scissor_kick_R_002__A360_M.bvh,soma_shapes/soma_base_fit_mhr_params.npz,soma_proportional/bvh/230509/scissor_kick_R_002__A360_M.bvh,soma_shapes/soma_proportion_fit_mhr_params/A360.npz,g1/csv/230509/scissor_kick_R_002__A360_M.csv,scissor_kick_R_002,A360,scissor_kick_R_002,230509,_2,scissor_kick_R_M,"person on the floor is performing a scissor kick exercise, raising legs alternately","perform a scissor kick exercise from a lying position, starting with the left leg","lying down, person alternately raises their legs to a 45 degree angle starting with the left","A person lying on their back raises their legs, performs scissor kicks actively, and then lowers their legs and lies idle.","alternate raising legs in 45 degree while lying on the floor, start left leg",scissor kick,scissor kick,neutral,neutral,kicking,standing,1,1,0,0,0,A360,M,181,29,152,35,99,145,188,103,29,58,10,73,25,M,actor
scissor_kick_R_002__A361,scissor_kick_R_002__A361,548,Sport,Sports,1.0,False,soma_uniform/bvh/230509/scissor_kick_R_002__A361.bvh,soma_shapes/soma_base_fit_mhr_params.npz,soma_proportional/bvh/230509/scissor_kick_R_002__A361.bvh,soma_shapes/soma_proportion_fit_mhr_params/A361.npz,g1/csv/230509/scissor_kick_R_002__A361.csv,scissor_kick_R_002,A361,scissor_kick_R_002,230509,_2,scissor_kick_R,"person on the floor is performing a scissor kick exercise, raising legs alternately","perform a scissor kick exercise from a lying position, starting with the right leg","lying down, person alternately raises their legs to a 45 degree angle starting with the right",A person is energetically doing scissor kicks and then lies on the floor idle.,"alternate raising legs in 45 degree while lying on the floor, start right leg",scissor kick,scissor kick,neutral,neutral,kicking,standing,1,1,0,0,0,A361,T,177,26,147,30,96,138,174,100,27,54,8,64,25,F,actor
scissor_kick_R_002__A361_M,scissor_kick_R_002__A361_M,548,Sport,Sports,1.0,True,soma_uniform/bvh/230509/scissor_kick_R_002__A361_M.bvh,soma_shapes/soma_base_fit_mhr_params.npz,soma_proportional/bvh/230509/scissor_kick_R_002__A361_M.bvh,soma_shapes/soma_proportion_fit_mhr_params/A361.npz,g1/csv/230509/scissor_kick_R_002__A361_M.csv,scissor_kick_R_002,A361,scissor_kick_R_002,230509,_2,scissor_kick_R_M,"person on the floor is performing a scissor kick exercise, raising legs alternately","perform a scissor kick exercise from a lying position, starting with the left leg","lying down, person alternately raises their legs to a 45 degree angle starting with the left",A person is energetically doing scissor kicks and then lies on the floor idle.,"alternate raising legs in 45 degree while lying on the floor, start left leg",scissor kick,scissor kick,neutral,neutral,kicking,standing,1,1,0,0,0,A361,T,177,26,147,30,96,138,174,100,27,54,8,64,25,F,actor
scissor_kick_R_002__A362,scissor_kick_R_002__A362,556,Sport,Sports,1.0,False,soma_uniform/bvh/230509/scissor_kick_R_002__A362.bvh,soma_shapes/soma_base_fit_mhr_params.npz,soma_proportional/bvh/230509/scissor_kick_R_002__A362.bvh,soma_shapes/soma_proportion_fit_mhr_params/A362.npz,g1/csv/230509/scissor_kick_R_002__A362.csv,scissor_kick_R_002,A362,scissor_kick_R_002,230509,_2,scissor_kick_R,"person on the floor is performing a scissor kick exercise, raising legs alternately","perform a scissor kick exercise from a lying position, starting with the right leg","lying down, person alternately raises their legs to a 45 degree angle starting with the right","A person, lying down, lifts their legs up and performs a scissor kick.","alternate raising legs in 45 degree while lying on the floor, start right leg",scissor kick,scissor kick,neutral,neutral,kicking,standing,1,1,0,0,0,A362,T,196,30,186,40,106,155,196,114,28,57,9,82,24,M,actor
scissor_kick_R_002__A362_M,scissor_kick_R_002__A362_M,556,Sport,Sports,1.0,True,soma_uniform/bvh/230509/scissor_kick_R_002__A362_M.bvh,soma_shapes/soma_base_fit_mhr_params.npz,soma_proportional/bvh/230509/scissor_kick_R_002__A362_M.bvh,soma_shapes/soma_proportion_fit_mhr_params/A362.npz,g1/csv/230509/scissor_kick_R_002__A362_M.csv,scissor_kick_R_002,A362,scissor_kick_R_002,230509,_2,scissor_kick_R_M,"person on the floor is performing a scissor kick exercise, raising legs alternately","perform a scissor kick exercise from a lying position, starting with the left leg","lying down, person alternately raises their legs to a 45 degree angle starting with the left","A person, lying down, lifts their legs up and performs a scissor kick.","alternate raising legs in 45 degree while lying on the floor, start left leg",scissor kick,scissor kick,neutral,neutral,kicking,standing,1,1,0,0,0,A362,T,196,30,186,40,106,155,196,114,28,57,9,82,24,M,actor
scissor_kick_R_003__A359,scissor_kick_R_003__A359,670,Sport,Sports,1.0,False,soma_uniform/bvh/230509/scissor_kick_R_003__A359.bvh,soma_shapes/soma_base_fit_mhr_params.npz,soma_proportional/bvh/230509/scissor_kick_R_003__A359.bvh,soma_shapes/soma_proportion_fit_mhr_params/A359.npz,g1/csv/230509/scissor_kick_R_003__A359.csv,scissor_kick_R_003,A359,scissor_kick_R_003,230509,_2,scissor_kick_R,"person on the floor is performing a scissor kick exercise, raising legs alternately","perform a scissor kick exercise from a lying position, starting with the right leg","lying down, person alternately raises their legs to a 45 degree angle starting with the right","A person lying on their back raises their legs, performs scissor kicks actively, and then lowers their legs and lies idle.","alternate raising legs in 45 degree while lying on the floor, start right leg",scissor kick,scissor kick,neutral,neutral,kicking,standing,1,1,0,0,0,A359,M,176,27,149,30,94,136,175,100,26,54,10,59,37,F,actor
scissor_kick_R_003__A359_M,scissor_kick_R_003__A359_M,670,Sport,Sports,1.0,True,soma_uniform/bvh/230509/scissor_kick_R_003__A359_M.bvh,soma_shapes/soma_base_fit_mhr_params.npz,soma_proportional/bvh/230509/scissor_kick_R_003__A359_M.bvh,soma_shapes/soma_proportion_fit_mhr_params/A359.npz,g1/csv/230509/scissor_kick_R_003__A359_M.csv,scissor_kick_R_003,A359,scissor_kick_R_003,230509,_2,scissor_kick_R_M,"person on the floor is performing a scissor kick exercise, raising legs alternately","perform a scissor kick exercise from a lying position, starting with the left leg","lying down, person alternately raises their legs to a 45 degree angle starting with the left","A person lying on their back raises their legs, performs scissor kicks actively, and then lowers their legs and lies idle.","alternate raising legs in 45 degree while lying on the floor, start left leg",scissor kick,scissor kick,neutral,neutral,kicking,standing,1,1,0,0,0,A359,M,176,27,149,30,94,136,175,100,26,54,10,59,37,F,actor
scissor_kick_R_003__A360,scissor_kick_R_003__A360,639,Sport,Sports,1.0,False,soma_uniform/bvh/230509/scissor_kick_R_003__A360.bvh,soma_shapes/soma_base_fit_mhr_params.npz,soma_proportional/bvh/230509/scissor_kick_R_003__A360.bvh,soma_shapes/soma_proportion_fit_mhr_params/A360.npz,g1/csv/230509/scissor_kick_R_003__A360.csv,scissor_kick_R_003,A360,scissor_kick_R_003,230509,_2,scissor_kick_R,"person on the floor is performing a scissor kick exercise, raising legs alternately","perform a scissor kick exercise from a lying position, starting with the right leg","lying down, person alternately raises their legs to a 45 degree angle starting with the right","A person lying on their back raises their legs, performs scissor kicks actively, and then lowers their legs and lies idle.","alternate raising legs in 45 degree while lying on the floor, start right leg",scissor kick,scissor kick,neutral,neutral,kicking,standing,1,1,0,0,0,A360,M,181,29,152,35,99,145,188,103,29,58,10,73,25,M,actor
scissor_kick_R_003__A360_M,scissor_kick_R_003__A360_M,639,Sport,Sports,1.0,True,soma_uniform/bvh/230509/scissor_kick_R_003__A360_M.bvh,soma_shapes/soma_base_fit_mhr_params.npz,soma_proportional/bvh/230509/scissor_kick_R_003__A360_M.bvh,soma_shapes/soma_proportion_fit_mhr_params/A360.npz,g1/csv/230509/scissor_kick_R_003__A360_M.csv,scissor_kick_R_003,A360,scissor_kick_R_003,230509,_2,scissor_kick_R_M,"person on the floor is performing a scissor kick exercise, raising legs alternately","perform a scissor kick exercise from a lying position, starting with the left leg","lying down, person alternately raises their legs to a 45 degree angle starting with the left","A person lying on their back raises their legs, performs scissor kicks actively, and then lowers their legs and lies idle.","alternate raising legs in 45 degree while lying on the floor, start left leg",scissor kick,scissor kick,neutral,neutral,kicking,standing,1,1,0,0,0,A360,M,181,29,152,35,99,145,188,103,29,58,10,73,25,M,actor
scissor_kick_R_003__A361,scissor_kick_R_003__A361,647,Sport,Sports,1.0,False,soma_uniform/bvh/230509/scissor_kick_R_003__A361.bvh,soma_shapes/soma_base_fit_mhr_params.npz,soma_proportional/bvh/230509/scissor_kick_R_003__A361.bvh,soma_shapes/soma_proportion_fit_mhr_params/A361.npz,g1/csv/230509/scissor_kick_R_003__A361.csv,scissor_kick_R_003,A361,scissor_kick_R_003,230509,_2,scissor_kick_R,"person on the floor is performing a scissor kick exercise, raising legs alternately","perform a scissor kick exercise from a lying position, starting with the right leg","lying down, person alternately raises their legs to a 45 degree angle starting with the right",A person is energetically doing scissor kicks and then lies on the floor idle.,"alternate raising legs in 45 degree while lying on the floor, start right leg",scissor kick,scissor kick,neutral,neutral,kicking,standing,1,1,0,0,0,A361,T,177,26,147,30,96,138,174,100,27,54,8,64,25,F,actor
scissor_kick_R_003__A361_M,scissor_kick_R_003__A361_M,647,Sport,Sports,1.0,True,soma_uniform/bvh/230509/scissor_kick_R_003__A361_M.bvh,soma_shapes/soma_base_fit_mhr_params.npz,soma_proportional/bvh/230509/scissor_kick_R_003__A361_M.bvh,soma_shapes/soma_proportion_fit_mhr_params/A361.npz,g1/csv/230509/scissor_kick_R_003__A361_M.csv,scissor_kick_R_003,A361,scissor_kick_R_003,230509,_2,scissor_kick_R_M,"person on the floor is performing a scissor kick exercise, raising legs alternately","perform a scissor kick exercise from a lying position, starting with the left leg","lying down, person alternately raises their legs to a 45 degree angle starting with the left",A person is energetically doing scissor kicks and then lies on the floor idle.,"alternate raising legs in 45 degree while lying on the floor, start left leg",scissor kick,scissor kick,neutral,neutral,kicking,standing,1,1,0,0,0,A361,T,177,26,147,30,96,138,174,100,27,54,8,64,25,F,actor
scissor_kick_R_003__A362,scissor_kick_R_003__A362,872,Sport,Sports,1.0,False,soma_uniform/bvh/230509/scissor_kick_R_003__A362.bvh,soma_shapes/soma_base_fit_mhr_params.npz,soma_proportional/bvh/230509/scissor_kick_R_003__A362.bvh,soma_shapes/soma_proportion_fit_mhr_params/A362.npz,g1/csv/230509/scissor_kick_R_003__A362.csv,scissor_kick_R_003,A362,scissor_kick_R_003,230509,_2,scissor_kick_R,"person on the floor is performing a scissor kick exercise, raising legs alternately","perform a scissor kick exercise from a lying position, starting with the right leg","lying down, person alternately raises their legs to a 45 degree angle starting with the right","A person, lying down, lifts their legs up and performs a scissor kick.","alternate raising legs in 45 degree while lying on the floor, start right leg",scissor kick,scissor kick,neutral,neutral,kicking,standing,1,1,0,0,0,A362,T,196,30,186,40,106,155,196,114,28,57,9,82,24,M,actor
scissor_kick_R_003__A362_M,scissor_kick_R_003__A362_M,872,Sport,Sports,1.0,True,soma_uniform/bvh/230509/scissor_kick_R_003__A362_M.bvh,soma_shapes/soma_base_fit_mhr_params.npz,soma_proportional/bvh/230509/scissor_kick_R_003__A362_M.bvh,soma_shapes/soma_proportion_fit_mhr_params/A362.npz,g1/csv/230509/scissor_kick_R_003__A362_M.csv,scissor_kick_R_003,A362,scissor_kick_R_003,230509,_2,scissor_kick_R_M,"person on the floor is performing a scissor kick exercise, raising legs alternately","perform a scissor kick exercise from a lying position, starting with the left leg","lying down, person alternately raises their legs to a 45 degree angle starting with the left","A person, lying down, lifts their legs up and performs a scissor kick.","alternate raising legs in 45 degree while lying on the floor, start left leg",scissor kick,scissor kick,neutral,neutral,kicking,standing,1,1,0,0,0,A362,T,196,30,186,40,106,155,196,114,28,57,9,82,24,M,actor
shadow_boxing_R_001__A359,shadow_boxing_R_001__A359,1059,Sport,Sports,1.0,False,soma_uniform/bvh/230509/shadow_boxing_R_001__A359.bvh,soma_shapes/soma_base_fit_mhr_params.npz,soma_proportional/bvh/230509/shadow_boxing_R_001__A359.bvh,soma_shapes/soma_proportion_fit_mhr_params/A359.npz,g1/csv/230509/shadow_boxing_R_001__A359.csv,shadow_boxing_R_001,A359,shadow_boxing_R_001,230509,_2,shadow_boxing_R,"person starts a session of shadow boxing, alternating straight punches",person routinely throwing alternating straight punches as if fighting an invisible opponent,figure alternates between right and left punches in a shadow boxing exercise,A person is shadowboxing rapidly before returning to an upright standing stance.,"straight punches with shadow invisible opponent, alternating, start right hand",shadow boxing,shadow boxing,neutral,neutral,punching,standing,1,1,0,0,0,A359,M,176,27,149,30,94,136,175,100,26,54,10,59,37,F,actor
shadow_boxing_R_001__A359_M,shadow_boxing_R_001__A359_M,1059,Sport,Sports,1.0,True,soma_uniform/bvh/230509/shadow_boxing_R_001__A359_M.bvh,soma_shapes/soma_base_fit_mhr_params.npz,soma_proportional/bvh/230509/shadow_boxing_R_001__A359_M.bvh,soma_shapes/soma_proportion_fit_mhr_params/A359.npz,g1/csv/230509/shadow_boxing_R_001__A359_M.csv,shadow_boxing_R_001,A359,shadow_boxing_R_001,230509,_2,shadow_boxing_R_M,"person starts a session of shadow boxing, alternating straight punches",person routinely throwing alternating straight punches as if fighting an invisible opponent,figure alternates between left and right punches in a shadow boxing exercise,A person is shadowboxing rapidly before returning to an upright standing stance.,"straight punches with shadow invisible opponent, alternating, start left hand",shadow boxing,shadow boxing,neutral,neutral,punching,standing,1,1,0,0,0,A359,M,176,27,149,30,94,136,175,100,26,54,10,59,37,F,actor
shadow_boxing_R_001__A360,shadow_boxing_R_001__A360,1343,Sport,Sports,1.0,False,soma_uniform/bvh/230509/shadow_boxing_R_001__A360.bvh,soma_shapes/soma_base_fit_mhr_params.npz,soma_proportional/bvh/230509/shadow_boxing_R_001__A360.bvh,soma_shapes/soma_proportion_fit_mhr_params/A360.npz,g1/csv/230509/shadow_boxing_R_001__A360.csv,shadow_boxing_R_001,A360,shadow_boxing_R_001,230509,_2,shadow_boxing_R,"person starts a session of shadow boxing, alternating straight punches",person routinely throwing alternating straight punches as if fighting an invisible opponent,figure alternates between right and left punches in a shadow boxing exercise,A person energetically bobs in stance and throws punches while shadowboxing.,"straight punches with shadow invisible opponent, alternating, start right hand",shadow boxing,shadow boxing,neutral,neutral,punching,standing,1,1,0,0,0,A360,M,181,29,152,35,99,145,188,103,29,58,10,73,25,M,actor
shadow_boxing_R_001__A360_M,shadow_boxing_R_001__A360_M,1343,Sport,Sports,1.0,True,soma_uniform/bvh/230509/shadow_boxing_R_001__A360_M.bvh,soma_shapes/soma_base_fit_mhr_params.npz,soma_proportional/bvh/230509/shadow_boxing_R_001__A360_M.bvh,soma_shapes/soma_proportion_fit_mhr_params/A360.npz,g1/csv/230509/shadow_boxing_R_001__A360_M.csv,shadow_boxing_R_001,A360,shadow_boxing_R_001,230509,_2,shadow_boxing_R_M,"person starts a session of shadow boxing, alternating straight punches",person routinely throwing alternating straight punches as if fighting an invisible opponent,figure alternates between left and right punches in a shadow boxing exercise,A person energetically bobs in stance and throws punches while shadowboxing.,"straight punches with shadow invisible opponent, alternating, start left hand",shadow boxing,shadow boxing,neutral,neutral,punching,standing,1,1,0,0,0,A360,M,181,29,152,35,99,145,188,103,29,58,10,73,25,M,actor
shadow_boxing_R_001__A361,shadow_boxing_R_001__A361,1485,Sport,Sports,1.0,False,soma_uniform/bvh/230509/shadow_boxing_R_001__A361.bvh,soma_shapes/soma_base_fit_mhr_params.npz,soma_proportional/bvh/230509/shadow_boxing_R_001__A361.bvh,soma_shapes/soma_proportion_fit_mhr_params/A361.npz,g1/csv/230509/shadow_boxing_R_001__A361.csv,shadow_boxing_R_001,A361,shadow_boxing_R_001,230509,_2,shadow_boxing_R,"person starts a session of shadow boxing, alternating straight punches",person routinely throwing alternating straight punches as if fighting an invisible opponent,figure alternates between right and left punches in a shadow boxing exercise,A person gets into a fighting stance and starts shadowboxing by throwing multiple punches forward with both hands.,"straight punches with shadow invisible opponent, alternating, start right hand",shadow boxing,shadow boxing,neutral,neutral,punching,standing,1,1,0,0,0,A361,T,177,26,147,30,96,138,174,100,27,54,8,64,25,F,actor
shadow_boxing_R_001__A361_M,shadow_boxing_R_001__A361_M,1485,Sport,Sports,1.0,True,soma_uniform/bvh/230509/shadow_boxing_R_001__A361_M.bvh,soma_shapes/soma_base_fit_mhr_params.npz,soma_proportional/bvh/230509/shadow_boxing_R_001__A361_M.bvh,soma_shapes/soma_proportion_fit_mhr_params/A361.npz,g1/csv/230509/shadow_boxing_R_001__A361_M.csv,shadow_boxing_R_001,A361,shadow_boxing_R_001,230509,_2,shadow_boxing_R_M,"person starts a session of shadow boxing, alternating straight punches",person routinely throwing alternating straight punches as if fighting an invisible opponent,figure alternates between left and right punches in a shadow boxing exercise,A person gets into a fighting stance and starts shadowboxing by throwing multiple punches forward with both hands.,"straight punches with shadow invisible opponent, alternating, start left hand",shadow boxing,shadow boxing,neutral,neutral,punching,standing,1,1,0,0,0,A361,T,177,26,147,30,96,138,174,100,27,54,8,64,25,F,actor
shadow_boxing_R_001__A362,shadow_boxing_R_001__A362,1249,Sport,Sports,1.0,False,soma_uniform/bvh/230509/shadow_boxing_R_001__A362.bvh,soma_shapes/soma_base_fit_mhr_params.npz,soma_proportional/bvh/230509/shadow_boxing_R_001__A362.bvh,soma_shapes/soma_proportion_fit_mhr_params/A362.npz,g1/csv/230509/shadow_boxing_R_001__A362.csv,shadow_boxing_R_001,A362,shadow_boxing_R_001,230509,_2,shadow_boxing_R,"person starts a session of shadow boxing, alternating straight punches",person routinely throwing alternating straight punches as if fighting an invisible opponent,figure alternates between right and left punches in a shadow boxing exercise,A person energetically bobs in stance and throws punches while shadowboxing.,"straight punches with shadow invisible opponent, alternating, start right hand",shadow boxing,shadow boxing,neutral,neutral,punching,standing,1,1,0,0,0,A362,T,196,30,186,40,106,155,196,114,28,57,9,82,24,M,actor
shadow_boxing_R_001__A362_M,shadow_boxing_R_001__A362_M,1249,Sport,Sports,1.0,True,soma_uniform/bvh/230509/shadow_boxing_R_001__A362_M.bvh,soma_shapes/soma_base_fit_mhr_params.npz,soma_proportional/bvh/230509/shadow_boxing_R_001__A362_M.bvh,soma_shapes/soma_proportion_fit_mhr_params/A362.npz,g1/csv/230509/shadow_boxing_R_001__A362_M.csv,shadow_boxing_R_001,A362,shadow_boxing_R_001,230509,_2,shadow_boxing_R_M,"person starts a session of shadow boxing, alternating straight punches",person routinely throwing alternating straight punches as if fighting an invisible opponent,figure alternates between left and right punches in a shadow boxing exercise,A person energetically bobs in stance and throws punches while shadowboxing.,"straight punches with shadow invisible opponent, alternating, start left hand",shadow boxing,shadow boxing,neutral,neutral,punching,standing,1,1,0,0,0,A362,T,196,30,186,40,106,155,196,114,28,57,9,82,24,M,actor
shadow_boxing_R_002__A360,shadow_boxing_R_002__A360,1366,Sport,Sports,1.0,False,soma_uniform/bvh/230509/shadow_boxing_R_002__A360.bvh,soma_shapes/soma_base_fit_mhr_params.npz,soma_proportional/bvh/230509/shadow_boxing_R_002__A360.bvh,soma_shapes/soma_proportion_fit_mhr_params/A360.npz,g1/csv/230509/shadow_boxing_R_002__A360.csv,shadow_boxing_R_002,A360,shadow_boxing_R_002,230509,_2,shadow_boxing_R,"person starts a session of shadow boxing, alternating straight punches",person routinely throwing alternating straight punches as if fighting an invisible opponent,figure alternates between right and left punches in a shadow boxing exercise,A person gets into a fighting stance and starts shadowboxing by throwing multiple punches forward with both hands.,"straight punches with shadow invisible opponent, alternating, start right hand",shadow boxing,shadow boxing,neutral,neutral,punching,standing,1,1,0,0,0,A360,M,181,29,152,35,99,145,188,103,29,58,10,73,25,M,actor
shadow_boxing_R_002__A360_M,shadow_boxing_R_002__A360_M,1366,Sport,Sports,1.0,True,soma_uniform/bvh/230509/shadow_boxing_R_002__A360_M.bvh,soma_shapes/soma_base_fit_mhr_params.npz,soma_proportional/bvh/230509/shadow_boxing_R_002__A360_M.bvh,soma_shapes/soma_proportion_fit_mhr_params/A360.npz,g1/csv/230509/shadow_boxing_R_002__A360_M.csv,shadow_boxing_R_002,A360,shadow_boxing_R_002,230509,_2,shadow_boxing_R_M,"person starts a session of shadow boxing, alternating straight punches",person routinely throwing alternating straight punches as if fighting an invisible opponent,figure alternates between left and right punches in a shadow boxing exercise,A person gets into a fighting stance and starts shadowboxing by throwing multiple punches forward with both hands.,"straight punches with shadow invisible opponent, alternating, start left hand",shadow boxing,shadow boxing,neutral,neutral,punching,standing,1,1,0,0,0,A360,M,181,29,152,35,99,145,188,103,29,58,10,73,25,M,actor
shadow_boxing_R_002__A361,shadow_boxing_R_002__A361,1298,Sport,Sports,1.0,False,soma_uniform/bvh/230509/shadow_boxing_R_002__A361.bvh,soma_shapes/soma_base_fit_mhr_params.npz,soma_proportional/bvh/230509/shadow_boxing_R_002__A361.bvh,soma_shapes/soma_proportion_fit_mhr_params/A361.npz,g1/csv/230509/shadow_boxing_R_002__A361.csv,shadow_boxing_R_002,A361,shadow_boxing_R_002,230509,_2,shadow_boxing_R,"person starts a session of shadow boxing, alternating straight punches",person routinely throwing alternating straight punches as if fighting an invisible opponent,figure alternates between right and left punches in a shadow boxing exercise,A person gets into a fighting stance and starts shadowboxing by throwing multiple punches forward with both hands.,"straight punches with shadow invisible opponent, alternating, start right hand",shadow boxing,shadow boxing,neutral,neutral,punching,standing,1,1,0,0,0,A361,T,177,26,147,30,96,138,174,100,27,54,8,64,25,F,actor
shadow_boxing_R_002__A361_M,shadow_boxing_R_002__A361_M,1298,Sport,Sports,1.0,True,soma_uniform/bvh/230509/shadow_boxing_R_002__A361_M.bvh,soma_shapes/soma_base_fit_mhr_params.npz,soma_proportional/bvh/230509/shadow_boxing_R_002__A361_M.bvh,soma_shapes/soma_proportion_fit_mhr_params/A361.npz,g1/csv/230509/shadow_boxing_R_002__A361_M.csv,shadow_boxing_R_002,A361,shadow_boxing_R_002,230509,_2,shadow_boxing_R_M,"person starts a session of shadow boxing, alternating straight punches",person routinely throwing alternating straight punches as if fighting an invisible opponent,figure alternates between left and right punches in a shadow boxing exercise,A person gets into a fighting stance and starts shadowboxing by throwing multiple punches forward with both hands.,"straight punches with shadow invisible opponent, alternating, start left hand",shadow boxing,shadow boxing,neutral,neutral,punching,standing,1,1,0,0,0,A361,T,177,26,147,30,96,138,174,100,27,54,8,64,25,F,actor
shadow_boxing_R_002__A362,shadow_boxing_R_002__A362,1301,Sport,Sports,1.0,False,soma_uniform/bvh/230509/shadow_boxing_R_002__A362.bvh,soma_shapes/soma_base_fit_mhr_params.npz,soma_proportional/bvh/230509/shadow_boxing_R_002__A362.bvh,soma_shapes/soma_proportion_fit_mhr_params/A362.npz,g1/csv/230509/shadow_boxing_R_002__A362.csv,shadow_boxing_R_002,A362,shadow_boxing_R_002,230509,_2,shadow_boxing_R,"person starts a session of shadow boxing, alternating straight punches",person routinely throwing alternating straight punches as if fighting an invisible opponent,figure alternates between right and left punches in a shadow boxing exercise,A person energetically bobs in stance and throws punches while shadowboxing.,"straight punches with shadow invisible opponent, alternating, start right hand",shadow boxing,shadow boxing,neutral,neutral,punching,standing,1,1,0,0,0,A362,T,196,30,186,40,106,155,196,114,28,57,9,82,24,M,actor
shadow_boxing_R_002__A362_M,shadow_boxing_R_002__A362_M,1301,Sport,Sports,1.0,True,soma_uniform/bvh/230509/shadow_boxing_R_002__A362_M.bvh,soma_shapes/soma_base_fit_mhr_params.npz,soma_proportional/bvh/230509/shadow_boxing_R_002__A362_M.bvh,soma_shapes/soma_proportion_fit_mhr_params/A362.npz,g1/csv/230509/shadow_boxing_R_002__A362_M.csv,shadow_boxing_R_002,A362,shadow_boxing_R_002,230509,_2,shadow_boxing_R_M,"person starts a session of shadow boxing, alternating straight punches",person routinely throwing alternating straight punches as if fighting an invisible opponent,figure alternates between left and right punches in a shadow boxing exercise,A person energetically bobs in stance and throws punches while shadowboxing.,"straight punches with shadow invisible opponent, alternating, start left hand",shadow boxing,shadow boxing,neutral,neutral,punching,standing,1,1,0,0,0,A362,T,196,30,186,40,106,155,196,114,28,57,9,82,24,M,actor
shadow_boxing_R_003__A359,shadow_boxing_R_003__A359,1032,Sport,Sports,1.0,False,soma_uniform/bvh/230509/shadow_boxing_R_003__A359.bvh,soma_shapes/soma_base_fit_mhr_params.npz,soma_proportional/bvh/230509/shadow_boxing_R_003__A359.bvh,soma_shapes/soma_proportion_fit_mhr_params/A359.npz,g1/csv/230509/shadow_boxing_R_003__A359.csv,shadow_boxing_R_003,A359,shadow_boxing_R_003,230509,_2,shadow_boxing_R,"person starts a session of shadow boxing, alternating straight punches",person routinely throwing alternating straight punches as if fighting an invisible opponent,figure alternates between right and left punches in a shadow boxing exercise,A person is shadowboxing rapidly before returning to an upright standing stance.,"straight punches with shadow invisible opponent, alternating, start right hand",shadow boxing,shadow boxing,neutral,neutral,punching,standing,1,1,0,0,0,A359,M,176,27,149,30,94,136,175,100,26,54,10,59,37,F,actor
shadow_boxing_R_003__A359_M,shadow_boxing_R_003__A359_M,1032,Sport,Sports,1.0,True,soma_uniform/bvh/230509/shadow_boxing_R_003__A359_M.bvh,soma_shapes/soma_base_fit_mhr_params.npz,soma_proportional/bvh/230509/shadow_boxing_R_003__A359_M.bvh,soma_shapes/soma_proportion_fit_mhr_params/A359.npz,g1/csv/230509/shadow_boxing_R_003__A359_M.csv,shadow_boxing_R_003,A359,shadow_boxing_R_003,230509,_2,shadow_boxing_R_M,"person starts a session of shadow boxing, alternating straight punches",person routinely throwing alternating straight punches as if fighting an invisible opponent,figure alternates between left and right punches in a shadow boxing exercise,A person is shadowboxing rapidly before returning to an upright standing stance.,"straight punches with shadow invisible opponent, alternating, start left hand",shadow boxing,shadow boxing,neutral,neutral,punching,standing,1,1,0,0,0,A359,M,176,27,149,30,94,136,175,100,26,54,10,59,37,F,actor
shadow_boxing_R_003__A360,shadow_boxing_R_003__A360,1254,Sport,Sports,1.0,False,soma_uniform/bvh/230509/shadow_boxing_R_003__A360.bvh,soma_shapes/soma_base_fit_mhr_params.npz,soma_proportional/bvh/230509/shadow_boxing_R_003__A360.bvh,soma_shapes/soma_proportion_fit_mhr_params/A360.npz,g1/csv/230509/shadow_boxing_R_003__A360.csv,shadow_boxing_R_003,A360,shadow_boxing_R_003,230509,_2,shadow_boxing_R,"person starts a session of shadow boxing, alternating straight punches",person routinely throwing alternating straight punches as if fighting an invisible opponent,figure alternates between right and left punches in a shadow boxing exercise,A person gets into a fighting stance and starts shadowboxing by throwing multiple punches forward with both hands.,"straight punches with shadow invisible opponent, alternating, start right hand",shadow boxing,shadow boxing,neutral,neutral,punching,standing,1,1,0,0,0,A360,M,181,29,152,35,99,145,188,103,29,58,10,73,25,M,actor
shadow_boxing_R_003__A360_M,shadow_boxing_R_003__A360_M,1254,Sport,Sports,1.0,True,soma_uniform/bvh/230509/shadow_boxing_R_003__A360_M.bvh,soma_shapes/soma_base_fit_mhr_params.npz,soma_proportional/bvh/230509/shadow_boxing_R_003__A360_M.bvh,soma_shapes/soma_proportion_fit_mhr_params/A360.npz,g1/csv/230509/shadow_boxing_R_003__A360_M.csv,shadow_boxing_R_003,A360,shadow_boxing_R_003,230509,_2,shadow_boxing_R_M,"person starts a session of shadow boxing, alternating straight punches",person routinely throwing alternating straight punches as if fighting an invisible opponent,figure alternates between left and right punches in a shadow boxing exercise,A person gets into a fighting stance and starts shadowboxing by throwing multiple punches forward with both hands.,"straight punches with shadow invisible opponent, alternating, start left hand",shadow boxing,shadow boxing,neutral,neutral,punching,standing,1,1,0,0,0,A360,M,181,29,152,35,99,145,188,103,29,58,10,73,25,M,actor
shadow_boxing_R_003__A361,shadow_boxing_R_003__A361,1436,Sport,Sports,1.0,False,soma_uniform/bvh/230509/shadow_boxing_R_003__A361.bvh,soma_shapes/soma_base_fit_mhr_params.npz,soma_proportional/bvh/230509/shadow_boxing_R_003__A361.bvh,soma_shapes/soma_proportion_fit_mhr_params/A361.npz,g1/csv/230509/shadow_boxing_R_003__A361.csv,shadow_boxing_R_003,A361,shadow_boxing_R_003,230509,_2,shadow_boxing_R,"person starts a session of shadow boxing, alternating straight punches",person routinely throwing alternating straight punches as if fighting an invisible opponent,figure alternates between right and left punches in a shadow boxing exercise,A person gets into a fighting stance and starts shadowboxing by throwing multiple punches forward with both hands.,"straight punches with shadow invisible opponent, alternating, start right hand",shadow boxing,shadow boxing,neutral,neutral,punching,standing,1,1,0,0,0,A361,T,177,26,147,30,96,138,174,100,27,54,8,64,25,F,actor
shadow_boxing_R_003__A361_M,shadow_boxing_R_003__A361_M,1436,Sport,Sports,1.0,True,soma_uniform/bvh/230509/shadow_boxing_R_003__A361_M.bvh,soma_shapes/soma_base_fit_mhr_params.npz,soma_proportional/bvh/230509/shadow_boxing_R_003__A361_M.bvh,soma_shapes/soma_proportion_fit_mhr_params/A361.npz,g1/csv/230509/shadow_boxing_R_003__A361_M.csv,shadow_boxing_R_003,A361,shadow_boxing_R_003,230509,_2,shadow_boxing_R_M,"person starts a session of shadow boxing, alternating straight punches",person routinely throwing alternating straight punches as if fighting an invisible opponent,figure alternates between left and right punches in a shadow boxing exercise,A person gets into a fighting stance and starts shadowboxing by throwing multiple punches forward with both hands.,"straight punches with shadow invisible opponent, alternating, start left hand",shadow boxing,shadow boxing,neutral,neutral,punching,standing,1,1,0,0,0,A361,T,177,26,147,30,96,138,174,100,27,54,8,64,25,F,actor
shadow_boxing_R_003__A362,shadow_boxing_R_003__A362,1117,Sport,Sports,1.0,False,soma_uniform/bvh/230509/shadow_boxing_R_003__A362.bvh,soma_shapes/soma_base_fit_mhr_params.npz,soma_proportional/bvh/230509/shadow_boxing_R_003__A362.bvh,soma_shapes/soma_proportion_fit_mhr_params/A362.npz,g1/csv/230509/shadow_boxing_R_003__A362.csv,shadow_boxing_R_003,A362,shadow_boxing_R_003,230509,_2,shadow_boxing_R,"person starts a session of shadow boxing, alternating straight punches",person routinely throwing alternating straight punches as if fighting an invisible opponent,figure alternates between right and left punches in a shadow boxing exercise,A person energetically bobs in stance and throws punches while shadowboxing.,"straight punches with shadow invisible opponent, alternating, start right hand",shadow boxing,shadow boxing,neutral,neutral,punching,standing,1,1,0,0,0,A362,T,196,30,186,40,106,155,196,114,28,57,9,82,24,M,actor
shadow_boxing_R_003__A362_M,shadow_boxing_R_003__A362_M,1117,Sport,Sports,1.0,True,soma_uniform/bvh/230509/shadow_boxing_R_003__A362_M.bvh,soma_shapes/soma_base_fit_mhr_params.npz,soma_proportional/bvh/230509/shadow_boxing_R_003__A362_M.bvh,soma_shapes/soma_proportion_fit_mhr_params/A362.npz,g1/csv/230509/shadow_boxing_R_003__A362_M.csv,shadow_boxing_R_003,A362,shadow_boxing_R_003,230509,_2,shadow_boxing_R_M,"person starts a session of shadow boxing, alternating straight punches",person routinely throwing alternating straight punches as if fighting an invisible opponent,figure alternates between left and right punches in a shadow boxing exercise,A person energetically bobs in stance and throws punches while shadowboxing.,"straight punches with shadow invisible opponent, alternating, start left hand",shadow boxing,shadow boxing,neutral,neutral,punching,standing,1,1,0,0,0,A362,T,196,30,186,40,106,155,196,114,28,57,9,82,24,M,actor
